seed,variant,variant_label,network_treatment,network_architecture,network_depth,network_max_width,network_hidden_units,policy_network_type,advantage_network_type,baseline_network_type,policy_network_parameters,advantage_network_parameters_per_player,baseline_network_parameters_per_player,total_network_parameters,iteration,nodes_touched,wall_clock_seconds,cumulative_traversal_seconds,cumulative_advantage_training_seconds,cumulative_baseline_training_seconds,cumulative_policy_training_seconds,cumulative_supervised_training_seconds,cumulative_parallel_sync_seconds,cumulative_replay_refresh_seconds,learning_rate,nash_conv,exploitability,policy_value_player_0,average_policy_value,policy_value_error,average_policy_value_error,policy_loss,advantage_loss_player_0,advantage_loss_player_1,baseline_loss_player_0,baseline_loss_player_1,advantage_grad_norm_player_0,advantage_grad_norm_player_1,baseline_grad_norm_player_0,baseline_grad_norm_player_1,policy_grad_norm,policy_training_events,policy_gradient_steps_total,strategy_buffer_size,advantage_buffer_size_player_0,advantage_buffer_size_player_1,baseline_buffer_size_player_0,baseline_buffer_size_player_1,legal_action_mass_mean,legal_action_mass_min,policy_entropy_mean,advantage_target_count_sampled,advantage_target_mean,advantage_target_variance,advantage_target_abs_mean,importance_weight_mean,importance_weight_std,processed_advantage_target_mean_player_0,processed_advantage_target_variance_player_0,processed_advantage_target_abs_mean_player_0,target_standardization_mean_player_0,target_standardization_scale_player_0,target_clip_fraction_player_0,processed_advantage_target_mean_player_1,processed_advantage_target_variance_player_1,processed_advantage_target_abs_mean_player_1,target_standardization_mean_player_1,target_standardization_scale_player_1,target_clip_fraction_player_1,baseline_reward_mean_sampled,baseline_reward_variance_sampled
1234,candidate_advantage_2x128_policy_baseline_2x32,Candidate advantage 2x128,architecture_selected_candidate,policy_32x32_advantage_128x128_baseline_32x32,2,128,384,mlp,mlp,mlp,2147,20867,2147,48175,25,50805,1185.0227466849974,12.943887855006324,9.298667899995053,1161.760203144011,0.3825664489995688,1171.4414374930057,0.0,0.0,0.003,3.7390389834311084,1.8695194917155542,-0.1460294984220315,-0.1460294984220315,0.0604234984220315,0.0604234984220315,1.0407811403274536,1656.35205078125,3861.4326171875,6.776498794555664,5.123168468475342,136.47790756549682,189.32936613534673,5.847639096269215,6.147350599760735,0.4173017353415447,1,100,34805,9649,7737,17350,17455,0.732535197166726,0.05675989016890526,0.2860906159536706,30000,-0.21092815058336903,306.57188353607506,3.5933116147433095,1.005573001353451,0.0973512733180289,-0.30650293827056885,115.08916473388672,2.8315842151641846,0.0,1.0,0.0,-0.6539031863212585,447.0343017578125,4.467980861663818,0.0,1.0,0.0,0.0708,7.44698736
1234,candidate_advantage_2x128_policy_baseline_2x32,Candidate advantage 2x128,architecture_selected_candidate,policy_32x32_advantage_128x128_baseline_32x32,2,128,384,mlp,mlp,mlp,2147,20867,2147,48175,50,103225,2430.418431936996,26.473706178985594,20.734981137982686,2381.1565808450105,0.7629904450004688,2402.6545524279936,0.0,0.0,0.003,2.834766277575868,1.417383138787934,-0.14461270108968238,-0.14461270108968238,0.05900670108968238,0.05900670108968238,2.0840821266174316,2433.67578125,17236.884765625,6.2828545570373535,6.359116554260254,250.99565674223115,589.6942119357352,4.559215601091068,5.694917925931185,1.2213510054230055,2,200,71225,19826,15844,35658,35567,0.7011189134500455,0.10970430076122284,0.23384380074464717,30000,-0.2637662119212871,322.1358471412905,3.512305753695406,1.0042108845490687,0.10392472050282144,-0.30620354413986206,191.9672393798828,3.103132963180542,0.0,1.0,0.0,-0.8214974403381348,623.0537719726562,4.0947489738464355,0.0,1.0,0.0,-0.0302,6.357287960000001
1234,candidate_advantage_2x128_policy_baseline_2x32,Candidate advantage 2x128,architecture_selected_candidate,policy_32x32_advantage_128x128_baseline_32x32,2,128,384,mlp,mlp,mlp,2147,20867,2147,48175,75,155016,3682.2720040119966,39.92628495999088,32.45910950396501,3606.8073153460064,1.1385537129972363,3640.4049785629686,0.0,0.0,0.003,2.3577191835835403,1.1788595917917701,-0.07833170183293492,-0.07833170183293492,0.0072742981670650825,0.0072742981670650825,2.638864278793335,19632.705078125,10388.7314453125,6.377501487731934,6.219869613647461,408.06335721411796,391.19535637076433,3.4935928019159013,4.97060528458844,2.1501486913224044,3,300,107016,30003,23539,53584,53432,0.7457504315352708,0.19357089698314667,0.1887526533263862,30000,-0.2968705584551518,277.8687833041473,3.377682292371802,1.003612501519774,0.11108068407251803,0.15030258893966675,419.9925842285156,3.5473549365997314,0.0,1.0,0.0,-0.6369155645370483,250.7686004638672,3.472792863845825,0.0,1.0,0.0,0.0051,6.05727399
1234,candidate_advantage_2x128_policy_baseline_2x32,Candidate advantage 2x128,architecture_selected_candidate,policy_32x32_advantage_128x128_baseline_32x32,2,128,384,mlp,mlp,mlp,2147,20867,2147,48175,100,206823,4927.339917175996,52.9874332370091,44.066844813976786,4826.184893816004,1.505938205998973,4871.7576768359795,0.0,0.0,0.003,1.9951971484826347,0.9975985742413174,-0.09508013574056151,-0.09508013574056151,0.00947413574056151,0.00947413574056151,3.272806167602539,9374.79296875,11873.8701171875,5.662247657775879,5.12272834777832,447.7008630130667,455.12250070960505,3.8016380380400845,4.681979253667236,2.6780753065303693,4,400,142823,40111,31354,71541,71282,0.8141848290106282,0.17335301637649536,0.3221933124993986,30000,-0.2795640626489806,294.97296870250887,3.3030032687813975,1.004468114653063,0.10078744108866654,-0.5120258331298828,150.7711181640625,3.0464937686920166,0.0,1.0,0.0,-0.7866408228874207,304.6788024902344,3.657355546951294,0.0,1.0,0.0,-0.013,6.170031000000001
1234,candidate_advantage_2x128_policy_baseline_2x32,Candidate advantage 2x128,architecture_selected_candidate,policy_32x32_advantage_128x128_baseline_32x32,2,128,384,mlp,mlp,mlp,2147,20867,2147,48175,125,257985,6178.285694644997,65.88057875098457,55.66777670397278,6051.615113115957,1.8804894740023883,6109.163379293932,0.0,0.0,0.003,1.8825452475045488,0.9412726237522744,-0.19032917689615958,-0.19032917689615958,0.10472317689615958,0.10472317689615958,3.8919827938079834,19440.337890625,19256.375,6.570716857910156,5.029829978942871,628.491681726297,496.2774623083944,6.843260663046791,3.131761036963557,2.8522743393944148,5,500,177985,50230,38797,89123,88862,0.8147670319012832,0.10688476264476776,0.31931264494516354,30000,-0.4142966115173263,319.0378885831084,3.4289232842651507,1.0027475296386967,0.1086419897972882,0.11863873153924942,335.44720458984375,3.315162420272827,0.0,1.0,0.0,-0.7919723391532898,535.2636108398438,4.052204608917236,0.0,1.0,0.0,-0.0044,6.142180640000001
1234,candidate_advantage_2x128_policy_baseline_2x32,Candidate advantage 2x128,architecture_selected_candidate,policy_32x32_advantage_128x128_baseline_32x32,2,128,384,mlp,mlp,mlp,2147,20867,2147,48175,150,308345,7424.303695745002,78.44551183200383,67.14736836194788,7272.590040845971,2.2411071419992368,7341.978516349918,0.0,0.0,0.003,1.719296516015466,0.859648258007733,-0.24202684730247867,-0.24202684730247867,0.15642084730247868,0.15642084730247868,4.881746768951416,78226.1640625,23479.7734375,5.16195011138916,6.151683330535889,1674.5496011602522,494.9499770543378,4.360707209591147,5.372151108906852,3.8851220293449362,6,600,212345,59956,46214,106285,106060,0.8271472743072081,0.14990945160388947,0.23035615972945114,30000,-0.45642478954829274,284.97164816892735,3.2535301915924064,1.0030238505498112,0.10520292315984484,-0.2500954866409302,844.6976928710938,4.543232440948486,0.0,1.0,0.0,-0.3026936650276184,274.1485290527344,3.6292545795440674,0.0,1.0,0.0,-0.0369,5.692738390000001
1234,candidate_advantage_2x128_policy_baseline_2x32,Candidate advantage 2x128,architecture_selected_candidate,policy_32x32_advantage_128x128_baseline_32x32,2,128,384,mlp,mlp,mlp,2147,20867,2147,48175,175,361074,8676.068480087,91.86597736101976,78.55419616698782,8498.508215043992,2.614693700998032,8579.677104911978,0.0,0.0,0.003,1.5443339074664526,0.7721669537332263,-0.2259957176263946,-0.2259957176263946,0.14038971762639457,0.14038971762639457,4.980893611907959,26404.896484375,32128.017578125,4.443783760070801,4.320705890655518,563.5189182426078,675.7368340615394,4.16032239934457,3.08233829560132,4.03069682405543,7,700,249074,70698,53849,124661,124413,0.8302970183722209,0.21808284521102905,0.33261575120453046,30000,-0.3982437194408228,222.4137544352204,3.1778816194176986,1.003861276500386,0.10209687781719155,-0.5695750117301941,338.3894958496094,3.1945879459381104,0.0,1.0,0.0,-0.5326457619667053,302.4391784667969,3.7073333263397217,0.0,1.0,0.0,-0.0393,6.331755509999998
2025,candidate_advantage_2x128_policy_baseline_2x32,Candidate advantage 2x128,architecture_selected_candidate,policy_32x32_advantage_128x128_baseline_32x32,2,128,384,mlp,mlp,mlp,2147,20867,2147,48175,25,51119,1193.8338918910013,13.017578229999344,9.579021444013051,1170.2296127339796,0.3671531530053471,1180.175787330998,0.0,0.0,0.003,3.147437615218913,1.5737188076094566,-0.2744888030110147,-0.2744888030110147,0.18888280301101468,0.18888280301101468,1.021140694618225,3331.855712890625,1796.3968505859375,4.964925289154053,5.425577163696289,238.62854226774087,288.53002981061053,6.445988151872514,4.825578813063062,0.597723950128433,1,100,35119,10098,7562,17679,17440,0.7320640291000018,0.1273646503686905,0.32120431468029004,30000,-0.18314883518985783,302.12985157866706,3.5087351086110186,1.0027667931191695,0.11721064016926033,0.07443658262491226,295.5960693359375,3.1916821002960205,0.0,1.0,0.0,-0.03177748993039131,152.9917755126953,3.1642720699310303,0.0,1.0,0.0,-0.0495,6.1586497499999995
2025,candidate_advantage_2x128_policy_baseline_2x32,Candidate advantage 2x128,architecture_selected_candidate,policy_32x32_advantage_128x128_baseline_32x32,2,128,384,mlp,mlp,mlp,2147,20867,2147,48175,50,103386,2432.1269899069957,26.209555138986616,20.881197043010616,2383.0095443549726,0.7414827850006986,2404.632224182984,0.0,0.0,0.003,2.533113076408006,1.266556538204003,-0.11585836488806289,-0.11585836488806289,0.03025236488806289,0.03025236488806289,1.8172613382339478,4575.81201171875,10004.1923828125,6.503841876983643,5.209775924682617,433.6097536931952,219.31824627932335,6.117052287299578,5.070362549806035,1.1838378716265636,2,200,71386,20669,15102,35834,35552,0.8315015546540963,0.14968642592430115,0.32809577848635785,30000,-0.36296324051658935,299.68058659008267,3.4799932029085543,1.0029401871227948,0.12003481825845974,-0.7626741528511047,191.86705017089844,3.176408529281616,0.0,1.0,0.0,-0.470736026763916,404.2371826171875,3.73295521736145,0.0,1.0,0.0,-0.0243,6.431309509999999
2025,candidate_advantage_2x128_policy_baseline_2x32,Candidate advantage 2x128,architecture_selected_candidate,policy_32x32_advantage_128x128_baseline_32x32,2,128,384,mlp,mlp,mlp,2147,20867,2147,48175,75,151264,3673.638266199996,38.062331721012015,32.53445399901102,3599.9899261169776,1.1155910820016288,3633.6399711979902,0.0,0.0,0.003,2.0971040316999714,1.0485520158499857,-0.09377464636712429,-0.09377464636712429,0.008168646367124291,0.008168646367124291,2.4774858951568604,11886.7744140625,18167.828125,5.00313663482666,5.120007514953613,872.155172340949,881.0719161374528,6.643264467534265,3.901489967405209,1.1917638120085605,3,300,103264,29607,22071,51763,51501,0.7903625380713493,0.15859779715538025,0.2729724123310274,30000,-0.49595369111876936,320.91883035691575,3.4250438672676062,1.0032648508663622,0.11424912336291945,-0.09961727261543274,444.9010314941406,3.5233516693115234,0.0,1.0,0.0,-0.8750655651092529,398.4720764160156,3.706587553024292,0.0,1.0,0.0,0.0253,6.135659909999999
2025,candidate_advantage_2x128_policy_baseline_2x32,Candidate advantage 2x128,architecture_selected_candidate,policy_32x32_advantage_128x128_baseline_32x32,2,128,384,mlp,mlp,mlp,2147,20867,2147,48175,100,201793,4903.353542299999,50.595040714026254,44.06693964503211,4804.6229150539875,1.484393718004867,4850.1742484170245,0.0,0.0,0.003,1.9597862092158556,0.9798931046079278,-0.1515011496930685,-0.1515011496930685,0.06589514969306849,0.06589514969306849,3.427008867263794,12003.6357421875,13198.57421875,4.718405723571777,6.875662803649902,306.87678569906814,195.76121479974594,5.989144651587536,4.827316645138946,3.8849190158408136,4,400,137793,39649,29296,68989,68804,0.8040798277506838,0.1324436217546463,0.3050756671169945,30000,-0.35632430656769626,320.0687202074922,3.4836009056389954,1.0029261455284575,0.11630942363955574,-0.3004087209701538,218.64122009277344,2.7597179412841797,0.0,1.0,0.0,-0.8561198115348816,342.0673828125,3.5305652618408203,0.0,1.0,0.0,-0.0245,6.291899750000001
2025,candidate_advantage_2x128_policy_baseline_2x32,Candidate advantage 2x128,architecture_selected_candidate,policy_32x32_advantage_128x128_baseline_32x32,2,128,384,mlp,mlp,mlp,2147,20867,2147,48175,125,255386,6136.437641582001,64.21073703302682,55.63543067203864,6011.529941476001,1.8416891130036674,6069.007061261043,0.0,0.0,0.003,1.908763456446584,0.954381728223292,-0.21552390968327678,-0.21552390968327678,0.12991790968327677,0.12991790968327677,4.434186935424805,28557.087890625,37884.984375,6.908458709716797,5.579998016357422,421.8511497390157,2287.0532591941746,6.8556203912203575,4.411788247013816,3.1337898080468065,5,500,175386,50851,36900,87885,87501,0.7999906720360741,0.023852422833442688,0.25125405020276476,30000,-0.43954816007809716,270.8264185714839,3.394488050939919,1.002767903767823,0.1199323946929118,-0.13306431472301483,421.0757751464844,3.3031394481658936,0.0,1.0,0.0,0.012714684009552002,497.8743591308594,4.154553413391113,0.0,1.0,0.0,-0.0517,6.385427110000001
2025,candidate_advantage_2x128_policy_baseline_2x32,Candidate advantage 2x128,architecture_selected_candidate,policy_32x32_advantage_128x128_baseline_32x32,2,128,384,mlp,mlp,mlp,2147,20867,2147,48175,150,307757,7375.703849475001,77.4356699150594,67.10272995901323,7225.071915885041,2.229813025005569,7294.404458869059,0.0,0.0,0.003,1.905126977286711,0.9525634886433555,-0.1753842488668036,-0.1753842488668036,0.08977824886680359,0.08977824886680359,5.434080600738525,24119.3203125,39943.30859375,6.081779956817627,6.787632942199707,1136.9588342663315,886.3476954298375,4.178938616236646,4.954020503236767,2.922909564899226,6,600,211757,61764,44222,106270,105487,0.7931294275913388,0.15439100563526154,0.21988049292871836,30000,-0.43611803365042434,290.1215841872178,3.360392200042773,1.004071007264698,0.11428288448489032,-0.8351820111274719,351.5668640136719,3.3573551177978516,0.0,1.0,0.0,-0.3368426561355591,459.36328125,4.0578532218933105,0.0,1.0,0.0,-0.0696,6.791555840000001
2025,candidate_advantage_2x128_policy_baseline_2x32,Candidate advantage 2x128,architecture_selected_candidate,policy_32x32_advantage_128x128_baseline_32x32,2,128,384,mlp,mlp,mlp,2147,20867,2147,48175,175,359212,8617.611896775998,90.44353490601497,78.58882081900083,8441.473553978023,2.5978679670079146,8522.660242764032,0.0,0.0,0.003,1.7078937841946706,0.8539468920973353,-0.07607924763440843,-0.07607924763440843,0.00952675236559157,0.00952675236559157,5.863736629486084,21690.751953125,6566.857421875,6.067286968231201,4.6534647941589355,1588.805235326883,600.8587944959564,3.8845012508926127,2.851074230229775,5.081891819527761,7,700,247212,72091,51564,124040,123172,0.7927957172069,0.06638260185718536,0.31332518428241163,30000,-0.3226065821085746,272.6219340947954,3.308809087025188,1.0014723330302726,0.1227767310096579,-0.6621837019920349,200.2677764892578,3.1151063442230225,0.0,1.0,0.0,-0.40536201000213623,66.21484375,3.012918710708618,0.0,1.0,0.0,0.0096,6.56950784
31415,candidate_advantage_2x128_policy_baseline_2x32,Candidate advantage 2x128,architecture_selected_candidate,policy_32x32_advantage_128x128_baseline_32x32,2,128,384,mlp,mlp,mlp,2147,20867,2147,48175,25,48146,1101.1642386480016,11.84606812500715,8.430000625972752,1079.8883757619842,0.35654463399987435,1088.6749210219568,0.0,0.0,0.003,3.609673257530118,1.804836628765059,-0.35911565900574033,-0.35911565900574033,0.2735096590057403,0.2735096590057403,1.0828523635864258,3120.828857421875,7573.35595703125,6.806567192077637,6.057940483093262,280.6153567955307,637.4296373677836,3.3812022245289106,3.6702365631512754,1.061787227293818,1,100,32146,9216,6890,16133,16013,0.738212142867269,0.1596972942352295,0.3837469497076095,30000,-0.4444492757449703,359.1858995605081,3.8003650497236756,0.9971581934254915,0.12853380353451785,-0.17099328339099884,246.8004913330078,3.4436562061309814,0.0,1.0,0.0,-0.05352817103266716,527.3161010742188,4.501244068145752,0.0,1.0,0.0,-0.0369,6.822538390000002
31415,candidate_advantage_2x128_policy_baseline_2x32,Candidate advantage 2x128,architecture_selected_candidate,policy_32x32_advantage_128x128_baseline_32x32,2,128,384,mlp,mlp,mlp,2147,20867,2147,48175,50,100005,2331.9536631350056,24.985453858971596,19.571247196967306,2285.362323002977,0.7347636039994541,2305.668333803944,0.0,0.0,0.003,2.661272624110558,1.330636312055279,-0.31178747295042175,-0.31178747295042175,0.22618147295042174,0.22618147295042174,1.7822842597961426,8407.5380859375,5602.830078125,5.413560390472412,5.453440189361572,444.27179547956945,409.8409099892042,4.525798996198155,4.13459779446701,0.9603393384707357,2,200,68005,19683,14365,34142,33863,0.8329067777012824,0.319828599691391,0.36267420617082285,30000,-0.40764239077201736,306.35175378057704,3.663623813200059,0.9998673595385975,0.12098093080205263,-0.7073705792427063,302.1494140625,3.493032455444336,0.0,1.0,0.0,-0.34588637948036194,420.6040954589844,3.982226610183716,0.0,1.0,0.0,-0.0431,7.212642390000001
31415,candidate_advantage_2x128_policy_baseline_2x32,Candidate advantage 2x128,architecture_selected_candidate,policy_32x32_advantage_128x128_baseline_32x32,2,128,384,mlp,mlp,mlp,2147,20867,2147,48175,75,153065,3576.8222976930047,38.60510260900628,31.219220504943223,3503.927918793961,1.1200081979986862,3536.267147496903,0.0,0.0,0.003,2.2564902713557973,1.1282451356778986,-0.24106044045059016,-0.24106044045059016,0.15545444045059015,0.15545444045059015,2.5651485919952393,25477.896484375,16723.5546875,5.6507720947265625,6.410852432250977,1153.1413462375156,341.17746801538044,3.3473301191899947,4.3114154725046525,1.762455354395043,3,300,105065,30490,22065,52596,52469,0.7812766897877736,0.002409640932455659,0.17110668697485287,30000,-0.3593305902940532,345.35886086994435,3.6771562547396868,1.0023624964237279,0.11918128305937783,-0.05923167243599892,482.3031921386719,3.620028495788574,0.0,1.0,0.0,-0.3851752281188965,563.6757202148438,4.423027515411377,0.0,1.0,0.0,-0.0779,7.015631590000002
31415,candidate_advantage_2x128_policy_baseline_2x32,Candidate advantage 2x128,architecture_selected_candidate,policy_32x32_advantage_128x128_baseline_32x32,2,128,384,mlp,mlp,mlp,2147,20867,2147,48175,100,204440,4819.054474155004,51.603775546005636,42.94085546495626,4720.419896066938,1.4847106679953868,4764.84546219989,0.0,0.0,0.003,1.885125085926306,0.942562542963153,-0.1083415891081777,-0.1083415891081777,0.022735589108177703,0.022735589108177703,3.17022442817688,17679.5703125,30944.490234375,5.737699508666992,5.74511194229126,878.159311145231,656.4427113346964,3.956052065393788,3.7786335042896635,2.44091823152969,4,400,140440,40900,29371,70343,70097,0.7587559446910745,0.046487219631671906,0.22989219572391784,30000,-0.495438629402065,267.59751610672316,3.5887979433315804,1.0023515924047843,0.11516448453325048,-1.02757728099823,302.4237060546875,3.2559783458709717,0.0,1.0,0.0,-0.6127831339836121,576.5779418945312,4.286416530609131,0.0,1.0,0.0,-0.0418,6.955852759999999
31415,candidate_advantage_2x128_policy_baseline_2x32,Candidate advantage 2x128,architecture_selected_candidate,policy_32x32_advantage_128x128_baseline_32x32,2,128,384,mlp,mlp,mlp,2147,20867,2147,48175,125,255389,6060.0231891540025,64.38532353798655,54.46225937298732,5936.053870255935,1.8721083939890377,5992.3882380229115,0.0,0.0,0.003,1.7435164750015304,0.8717582375007652,-0.1720327998905712,-0.1720327998905712,0.08642679989057118,0.08642679989057118,4.061962604522705,14851.7783203125,52435.578125,6.21287202835083,5.853611946105957,535.3935269738155,1194.9070626759226,3.985072707806162,3.9540387588086707,2.6953215522076888,5,500,175389,51118,36679,87940,87449,0.8156126886751736,0.17463065683841705,0.24976311835175483,30000,-0.3793446456823343,311.5000598441993,3.459189478630681,1.0004440822187017,0.12209926495173587,-0.2727194130420685,232.0464630126953,3.218870162963867,0.0,1.0,0.0,-0.7540170550346375,767.2809448242188,4.417457580566406,0.0,1.0,0.0,-0.0339,6.793350789999998
31415,candidate_advantage_2x128_policy_baseline_2x32,Candidate advantage 2x128,architecture_selected_candidate,policy_32x32_advantage_128x128_baseline_32x32,2,128,384,mlp,mlp,mlp,2147,20867,2147,48175,150,304867,7295.521278023996,77.08717176697246,65.79455712194613,7146.51867313189,2.228150395996636,7214.541380649833,0.0,0.0,0.003,1.8740595474046398,0.9370297737023199,-0.2011955362532039,-0.2011955362532039,0.11558953625320391,0.11558953625320391,4.476761817932129,21750.412109375,48809.10546875,4.720492362976074,6.420469284057617,618.8639282347658,358.77952769003184,3.6418534796379642,3.7292660288744623,3.993910316980487,6,600,208867,60761,43770,104755,104112,0.7762099344681701,0.0066689359955489635,0.19869937772868623,30000,-0.42017383105326445,299.3720348101632,3.4683968374061087,0.9982186694089255,0.128893241302566,-0.2478739470243454,383.8951110839844,3.4437215328216553,0.0,1.0,0.0,-0.6020046472549438,498.6849060058594,4.0222296714782715,0.0,1.0,0.0,-0.0321,6.634069589999999
31415,candidate_advantage_2x128_policy_baseline_2x32,Candidate advantage 2x128,architecture_selected_candidate,policy_32x32_advantage_128x128_baseline_32x32,2,128,384,mlp,mlp,mlp,2147,20867,2147,48175,175,356244,8532.606084893006,89.96203340804641,77.02493333797611,8358.499502195868,2.5885139589954633,8438.11294949284,0.0,0.0,0.003,1.8103035738288489,0.9051517869144244,-0.18894069180055473,-0.18894069180055473,0.10333469180055473,0.10333469180055473,5.543838977813721,23940.021484375,33692.2578125,5.3243207931518555,5.427534580230713,1007.8518380648782,567.232669713987,3.571590820723131,3.103991435484484,3.675974018015369,7,700,244244,71087,51120,122495,121749,0.8112683276995085,0.12935078144073486,0.2493299994102798,30000,-0.4110586424851014,327.8175526344739,3.5959168363754173,1.0023295041232791,0.11180692021815505,-0.5319327712059021,401.5270080566406,3.4611101150512695,0.0,1.0,0.0,-0.08947616815567017,312.77471923828125,3.7911951541900635,0.0,1.0,0.0,-0.0379,6.342263589999999
27182,candidate_advantage_2x128_policy_baseline_2x32,Candidate advantage 2x128,architecture_selected_candidate,policy_32x32_advantage_128x128_baseline_32x32,2,128,384,mlp,mlp,mlp,2147,20867,2147,48175,25,52053,1188.8979578360013,13.271696645082557,9.307507230012561,1165.2989110479393,0.37160990400298033,1174.9780281819549,0.0,0.0,0.003,3.446686174641157,1.7233430873205784,-0.04956504624262503,-0.04956504624262503,0.03604095375737497,0.03604095375737497,1.1057850122451782,5364.04052734375,2607.113525390625,6.1014885902404785,5.251292705535889,128.5702716179034,258.3111808502384,3.8009806417803906,4.813110174924195,0.5489621317828585,1,100,36053,10250,7789,18051,18002,0.7314802586333826,0.2352612167596817,0.3216297622695081,30000,-0.18080605326602237,394.60066695993874,3.8129726721837804,1.003317527768018,0.11123346020373406,-0.02376645803451538,325.7093505859375,3.2385189533233643,0.0,1.0,0.0,-0.5529437065124512,375.01025390625,3.942272901535034,0.0,1.0,0.0,-0.0431,6.791042390000001
27182,candidate_advantage_2x128_policy_baseline_2x32,Candidate advantage 2x128,architecture_selected_candidate,policy_32x32_advantage_128x128_baseline_32x32,2,128,384,mlp,mlp,mlp,2147,20867,2147,48175,50,104029,2429.431360950999,26.346499242077698,20.483586143993307,2380.5582171319547,0.7473819330043625,2401.7891852089524,0.0,0.0,0.003,3.085937258048264,1.542968629024132,-0.23392871785147074,-0.23392871785147074,0.14832271785147072,0.14832271785147072,2.0284907817840576,14214.4111328125,22392.384765625,5.335903167724609,5.890227317810059,549.7974331604543,468.00599620938783,3.531792758639759,5.03789280028333,1.3818968519752874,2,200,72029,20556,15450,35933,36096,0.7869595145457424,0.10439768433570862,0.33399595351978517,30000,-0.29366463202570253,301.59868677597063,3.652739787945555,1.0023129720873118,0.11470643593975537,-0.17050813138484955,464.2149658203125,3.580773115158081,0.0,1.0,0.0,-0.6019272208213806,730.1183471679688,4.770820140838623,0.0,1.0,0.0,-0.0336,7.01727104
27182,candidate_advantage_2x128_policy_baseline_2x32,Candidate advantage 2x128,architecture_selected_candidate,policy_32x32_advantage_128x128_baseline_32x32,2,128,384,mlp,mlp,mlp,2147,20867,2147,48175,75,155973,3670.970384996006,39.759284440107876,31.976781677032704,3596.1732570298627,1.1199921299994458,3629.270030836895,0.0,0.0,0.003,2.371185821957978,1.185592910978989,-0.1896846394594337,-0.1896846394594337,0.1040786394594337,0.1040786394594337,2.710423707962036,10810.2109375,18776.751953125,6.30714225769043,6.477323055267334,500.91377727061024,566.4442572429084,8.53448501292244,3.086957602264801,1.570804831674509,3,300,107973,30701,23254,53821,54152,0.8158244113437831,0.06755420565605164,0.3221147494201065,30000,-0.31819211726176244,207.12608922340124,3.3083362541109325,1.0023042920244052,0.11381375433886692,0.02263699471950531,296.9258728027344,3.295923948287964,0.0,1.0,0.0,-0.029490312561392784,461.3431091308594,3.9708945751190186,0.0,1.0,0.0,-0.002,6.382795999999999
27182,candidate_advantage_2x128_policy_baseline_2x32,Candidate advantage 2x128,architecture_selected_candidate,policy_32x32_advantage_128x128_baseline_32x32,2,128,384,mlp,mlp,mlp,2147,20867,2147,48175,100,207234,4912.941222608002,52.630439834087156,43.61478819401236,4812.608412523856,1.4937346350052394,4857.716935352873,0.0,0.0,0.003,2.2075927786501595,1.1037963893250797,-0.17307091698010663,-0.17307091698010663,0.08746491698010662,0.08746491698010662,3.0709171295166016,24081.423828125,10953.4072265625,6.695105075836182,4.782949447631836,1386.639223364526,536.1267537730629,4.159334506589014,3.560319148125713,2.1230133216124667,4,400,143234,40728,30885,71495,71739,0.7968603461631574,0.025606337934732437,0.2714714591284642,30000,-0.2680681471241638,286.23809595017366,3.4309447351581106,1.0002746029914502,0.11940834259584618,-0.6357305645942688,426.5740661621094,3.3372278213500977,0.0,1.0,0.0,-0.6424481272697449,372.20947265625,3.8058021068573,0.0,1.0,0.0,-0.0012,6.667998560000002
27182,candidate_advantage_2x128_policy_baseline_2x32,Candidate advantage 2x128,architecture_selected_candidate,policy_32x32_advantage_128x128_baseline_32x32,2,128,384,mlp,mlp,mlp,2147,20867,2147,48175,125,259569,6153.105452703996,65.81193769512174,55.13421861203096,6027.060663004828,1.8646254820050672,6084.059507098864,0.0,0.0,0.003,1.9171176774854977,0.9585588387427488,-0.1922955805135629,-0.1922955805135629,0.1066895805135629,0.1066895805135629,4.01165246963501,39657.03125,16819.5859375,6.854576587677002,5.145740032196045,1114.5330410994748,343.85028698857417,6.05405127615655,4.5979165358784915,3.019536291874358,5,500,179569,51199,38564,89619,89950,0.77698319045885,0.10987899452447891,0.27045316863418467,30000,-0.32185305653021984,327.7010116191444,3.3817004382295535,1.0028581991630228,0.10914975021181791,0.22261561453342438,528.6123046875,3.654668092727661,0.0,1.0,0.0,-0.18944133818149567,253.787353515625,3.4378559589385986,0.0,1.0,0.0,-0.0436,5.956499040000001
27182,candidate_advantage_2x128_policy_baseline_2x32,Candidate advantage 2x128,architecture_selected_candidate,policy_32x32_advantage_128x128_baseline_32x32,2,128,384,mlp,mlp,mlp,2147,20867,2147,48175,150,311801,7394.141965092,78.94327418520697,66.52862282605201,7242.563891056838,2.2339573280041805,7311.326471210894,0.0,0.0,0.003,1.7352219193017804,0.8676109596508902,-0.21136367893582825,-0.21136367893582825,0.12575767893582823,0.12575767893582823,4.449246883392334,13475.2001953125,16534.6875,5.922638416290283,5.06036901473999,398.2095755996671,768.7347857343701,3.677180025238371,4.061209398908855,3.5582679733148552,6,600,215801,61708,46160,107791,108010,0.8121191110112704,0.18202422559261322,0.32483185857269237,30000,-0.5202878158822345,276.2810580827979,3.398171352614493,1.0037676331000032,0.10369850518998087,-0.11022897809743881,235.5967254638672,3.020123243331909,0.0,1.0,0.0,-0.4459046423435211,151.31089782714844,3.2720069885253906,0.0,1.0,0.0,-0.05,6.046099999999999
27182,candidate_advantage_2x128_policy_baseline_2x32,Candidate advantage 2x128,architecture_selected_candidate,policy_32x32_advantage_128x128_baseline_32x32,2,128,384,mlp,mlp,mlp,2147,20867,2147,48175,175,364266,8638.261650159999,92.18022184116126,77.95743651007069,8461.02838526787,2.590212593000615,8541.57603437094,0.0,0.0,0.003,1.7253990952662552,0.8626995476331276,-0.26348732824506194,-0.26348732824506194,0.17788132824506192,0.17788132824506192,5.401752471923828,18004.005859375,22338.576171875,5.264015197753906,5.248003959655762,737.5402358831285,907.6851556741705,4.376094376276545,6.12471634720639,3.875373392076292,7,700,252266,72202,53919,126095,126171,0.8619738508714363,0.4721302092075348,0.24221134292798746,30000,-0.40318846028450256,314.8213465920401,3.357837716323541,1.0017670543698725,0.11364247851758946,-0.26049068570137024,179.6873321533203,2.9381320476531982,0.0,1.0,0.0,-0.24797089397907257,231.8619384765625,3.3309810161590576,0.0,1.0,0.0,-0.0421,6.13832759
16180,candidate_advantage_2x128_policy_baseline_2x32,Candidate advantage 2x128,architecture_selected_candidate,policy_32x32_advantage_128x128_baseline_32x32,2,128,384,mlp,mlp,mlp,2147,20867,2147,48175,25,52621,1181.053026210997,13.354276666039368,9.1014864010358,1157.5727079139906,0.3659553429897642,1167.0401496580162,0.0,0.0,0.003,3.760939582538589,1.8804697912692945,-0.1433648508531763,-0.1433648508531763,0.057758850853176294,0.057758850853176294,1.1642909049987793,3806.617431640625,5175.71923828125,6.733856201171875,5.82758903503418,421.21286884927525,361.0155354623544,5.106527314198813,4.751536042059181,0.4010600552295222,1,100,36621,10473,7922,18368,18253,0.7447033735224977,0.14832496643066406,0.31916309997418585,30000,-0.4087089239014933,319.3180663287982,3.7751939058277135,1.0030102469878028,0.11184369021859403,-0.7132546305656433,337.2734069824219,3.468677282333374,0.0,1.0,0.0,-1.0661383867263794,583.7686157226562,4.4525299072265625,0.0,1.0,0.0,-0.057,7.232551000000001
16180,candidate_advantage_2x128_policy_baseline_2x32,Candidate advantage 2x128,architecture_selected_candidate,policy_32x32_advantage_128x128_baseline_32x32,2,128,384,mlp,mlp,mlp,2147,20867,2147,48175,50,105021,2428.8380648979946,26.676619651028886,20.394779546069913,2379.7038171229797,0.7534472729894333,2400.852043942039,0.0,0.0,0.003,3.0153401769909207,1.5076700884954604,-0.25109286534112873,-0.25109286534112873,0.16548686534112872,0.16548686534112872,1.9587305784225464,15313.9697265625,4846.2705078125,6.922139644622803,5.763165473937988,295.6352448897837,556.6989126722225,6.307875356747102,3.804722671934536,0.9406817031534499,2,200,73021,20747,15867,36546,36475,0.7357514158647973,0.21314874291419983,0.2690575577738608,30000,-0.4301329879533965,389.78612047692513,3.836251787734482,1.0029184156792674,0.11489586281227668,-0.30441519618034363,471.2559814453125,3.8187410831451416,0.0,1.0,0.0,-0.5976446270942688,169.10597229003906,3.7148072719573975,0.0,1.0,0.0,0.0045,6.69447975
16180,candidate_advantage_2x128_policy_baseline_2x32,Candidate advantage 2x128,architecture_selected_candidate,policy_32x32_advantage_128x128_baseline_32x32,2,128,384,mlp,mlp,mlp,2147,20867,2147,48175,75,157677,3679.4916986899916,40.15376312006265,32.02122124910238,3604.2098971069936,1.1460180199792376,3637.377136376075,0.0,0.0,0.003,2.6876889149600722,1.3438444574800361,-0.2332073599486748,-0.2332073599486748,0.1476013599486748,0.1476013599486748,2.7542543411254883,10520.4189453125,8604.4677734375,5.215871334075928,5.65684700012207,436.99688128500674,597.2664481328268,5.798284028916294,5.334858002819926,1.6564807330355216,3,300,109677,31097,23864,54876,54801,0.7847380026651081,0.17525134980678558,0.33568968262058707,30000,-0.4258418839435093,312.1563007475586,3.6741530688670463,1.0030233901205323,0.11270722389470503,-0.28744444251060486,244.7027130126953,3.4099600315093994,0.0,1.0,0.0,-1.3277239799499512,375.1534423828125,3.819364547729492,0.0,1.0,0.0,-0.0089,7.143620789999999
16180,candidate_advantage_2x128_policy_baseline_2x32,Candidate advantage 2x128,architecture_selected_candidate,policy_32x32_advantage_128x128_baseline_32x32,2,128,384,mlp,mlp,mlp,2147,20867,2147,48175,100,211384,4930.046281242001,53.964798456130666,43.808785115150386,4828.1222557830915,1.5296748939726967,4873.460715792215,0.0,0.0,0.003,2.3545369484169587,1.1772684742084794,-0.35574007057842416,-0.35574007057842416,0.27013407057842415,0.27013407057842415,3.5941860675811768,17092.580078125,14124.125,5.206889629364014,4.53622579574585,576.1311882806343,549.07070904486,3.8859526917564606,3.6551236430933702,1.755402370711611,4,400,147384,41832,31920,73710,73674,0.838210487505421,0.19847451150417328,0.3263876422922116,30000,-0.3562333576865494,354.39356428239535,3.628644113578337,1.002233463858858,0.1134276290003943,0.032793063670396805,359.2989807128906,3.290424108505249,0.0,1.0,0.0,-1.0502322912216187,414.7428894042969,4.118558406829834,0.0,1.0,0.0,-0.0013,7.024498310000001
16180,candidate_advantage_2x128_policy_baseline_2x32,Candidate advantage 2x128,architecture_selected_candidate,policy_32x32_advantage_128x128_baseline_32x32,2,128,384,mlp,mlp,mlp,2147,20867,2147,48175,125,263501,6180.8925211390015,67.14749945014773,55.59369046815846,6052.969247715082,1.9167795319663128,6110.479717715207,0.0,0.0,0.003,2.153859954260704,1.076929977130352,-0.28861188429969753,-0.28861188429969753,0.20300588429969751,0.20300588429969751,4.12870454788208,19888.388671875,16766.318359375,6.397521018981934,6.215081691741943,340.360228527759,1057.8118485932346,6.600437499247119,3.9145885881025073,2.430289265002325,5,500,183501,52224,39666,91886,91615,0.7632931037078379,0.07068970799446106,0.27661757841244794,30000,-0.3863593014252062,306.7069895456521,3.524141837881071,1.0033732683210295,0.11203963395493433,-0.2166241854429245,216.1563720703125,3.2372748851776123,0.0,1.0,0.0,-0.5068714022636414,342.2910461425781,3.879413604736328,0.0,1.0,0.0,0.0119,6.499758389999999
16180,candidate_advantage_2x128_policy_baseline_2x32,Candidate advantage 2x128,architecture_selected_candidate,policy_32x32_advantage_128x128_baseline_32x32,2,128,384,mlp,mlp,mlp,2147,20867,2147,48175,150,313488,7430.3852866919915,79.56786123303755,67.07949186522455,7277.536718517076,2.2955203379679006,7346.911730720269,0.0,0.0,0.003,2.03258090474529,1.016290452372645,-0.23662989319634087,-0.23662989319634087,0.15102389319634085,0.15102389319634085,5.17311429977417,34753.25390625,23794.419921875,6.53291130065918,5.5949907302856445,946.8373102418794,890.7602926563101,5.882691618245114,4.519405850535045,3.782785302437183,6,600,217488,61923,46935,108867,108621,0.7716861401495407,0.16006658971309662,0.27757969321171694,30000,-0.35478750575073065,346.331702647195,3.5202884663518517,1.002150974696763,0.1165135543903814,-0.18470506370067596,372.049072265625,3.4443023204803467,0.0,1.0,0.0,-0.1776486039161682,358.7821044921875,3.7141551971435547,0.0,1.0,0.0,-0.0173,6.412400709999999
16180,candidate_advantage_2x128_policy_baseline_2x32,Candidate advantage 2x128,architecture_selected_candidate,policy_32x32_advantage_128x128_baseline_32x32,2,128,384,mlp,mlp,mlp,2147,20867,2147,48175,175,364139,8675.368705367,92.22742064803606,78.54024870321155,8497.393809904039,2.6639369809709024,8578.597995588221,0.0,0.0,0.003,1.8214829948788571,0.9107414974394286,-0.15284278153145625,-0.15284278153145625,0.06723678153145625,0.06723678153145625,6.069565296173096,36860.05078125,7480.75927734375,6.656839847564697,7.039087295532227,505.4821041941515,511.9954917271929,4.598131079755698,4.2273058911530015,3.423997746955904,7,700,252139,71954,54249,126262,125877,0.8289354429580271,0.32117071747779846,0.35090711815784853,30000,-0.24560506915471828,398.86826280559757,3.473408139032467,1.0007562015594433,0.11774422767949114,-0.3809082508087158,352.7035217285156,3.4738218784332275,0.0,1.0,0.0,-0.715660572052002,101.14080810546875,2.9097137451171875,0.0,1.0,0.0,0.0125,6.41134375
